GeneID,F15.6,F25.1,F39.6,F48.7
Mycth_59005,5876.8,761.53,72.12,28.83
Mycth_2312852,3360.19,2718.1,1864.76,1166.17
Mycth_49824,2608.6,958.49,2487.17,1660.39
Mycth_110651,2249.66,2623.56,1990.88,606.87
Mycth_112089,2100.76,1274.05,1735.85,930.01
Mycth_2295438,1923.8,1416.73,1132.39,1152.76
Mycth_109566,1801.21,402.84,1333.47,567.17
Mycth_75296,1619.33,580.79,225.54,99.86
Mycth_66729,1610.5,708.15,1230.89,574.54
Mycth_2134935,1512.59,1071.79,410.18,430.73
Mycth_2314963,1329.71,355.47,1578.97,1411.08
Mycth_2303011,1304.92,4593.48,4535.63,3603.03
Mycth_77354,1233.51,977.74,1264.22,1459.95
Mycth_2296382,1219.42,1067.55,1050.81,1295.83
Mycth_110674,1169.71,403.09,145.8,180.86
Mycth_2308241,1124.62,7899.58,4343.4,2833.46
Mycth_2066457,1074.23,688.66,1340.27,599.6
Mycth_2300252,1067.55,1044.58,1049.94,1282.18
Mycth_107866,1055.82,2067.93,1018.76,912.2
Mycth_2311457,1044.57,660,1043.25,1264.32
Mycth_109444,999.66,1194.45,1650.79,854.17
Mycth_2296183,826.69,701.42,337.23,323.6
Mycth_86753,787.55,238.18,481.03,211.38
Mycth_2315557,763.7,979.46,1076.88,1148.67
Mycth_2304231,751.27,1074.63,2218.52,3039.17
Mycth_81925,715.7,89.14,52.92,31.43
Mycth_106819,713.2,492.56,1085.53,1392.59
Mycth_2305783,701.23,443.54,325.38,321.54
Mycth_94171,697.27,492.66,672.32,401.3
Mycth_2303328,678.47,765.05,930.6,672.56
Mycth_2315007,677.06,464,310.17,253.67
Mycth_2313370,660.12,412.26,521.88,754.71
Mycth_2296005,655.26,450.19,790.3,507.37
Mycth_2299445,654.35,565.62,625.94,872.36
Mycth_52496,631.37,1046.76,301.23,181.56
Mycth_2090891,621.33,115.85,323.78,310.86
Mycth_2310464,617.77,333.64,293.84,322.11
Mycth_115968,612.72,181.22,100.38,58.29
Mycth_2297779,593.78,818.4,698.9,667.86
Mycth_2301567,578.48,47.61,1271.6,1555.29
Mycth_2294895,565.81,270.58,281.94,303.43
Mycth_2309011,557.58,719.61,313.08,405.66
Mycth_53851,537.29,539.43,406.77,382.3
Mycth_33936,520.65,173.78,252.17,91.05
Mycth_2297204,514.36,592.52,414.47,605.71
Mycth_110821,501.38,521.81,390.08,367.11
Mycth_109821,489.89,566.49,537.1,372.79
Mycth_2315513,484.25,255.47,361.51,222.07
Mycth_98003,479.68,235.7,703.26,421.58
Mycth_2304704,460.26,390.04,351.28,315.91
Mycth_2307990,459.49,3252.13,3094.27,1736.23
Mycth_56237,445.02,74.98,42.84,20.71
Mycth_16301,439.25,236.43,183.9,187.35
Mycth_2314413,435.53,228.8,320.65,332.4
Mycth_112050,431.57,193.5,702.92,423.86
Mycth_2316112,428.58,290.6,276.78,287.56
Mycth_39555,409.58,374.77,326.48,274.3
Mycth_115983,409.5,86.6,184.68,96.38
Mycth_107178,388.4,281.98,193.92,150.02
Mycth_2303359,387.21,45.7,223.51,176.28
Mycth_2298380,383.2,450.13,2021.59,1868.46
Mycth_100068,363.86,309.36,2131.31,1000.45
Mycth_2303344,355.84,790.12,641.85,428.85
Mycth_62925,351.91,119.01,21.61,8.64
Mycth_2314976,326.09,50.75,44.52,25.44
Mycth_2308737,325.09,354.11,348.65,373.63
Mycth_60294,321.49,475.64,348.59,459.83
Mycth_2294679,317.95,234.96,298.87,300.14
Mycth_94504,310.94,155.91,110.9,139.62
Mycth_66349,294.06,484.46,296.02,202.29
Mycth_76901,283.19,310.55,285.48,186.67
Mycth_80104,283.14,387.79,286.68,225.92
Mycth_60177,282.22,140.49,151.88,149.98
Mycth_2301478,282.17,171.08,211.73,161.68
Mycth_89603,273.38,320.55,4022.86,3381.86
Mycth_75329,258.73,21.98,74.82,72.34
Mycth_2313591,255.73,201.12,238.88,224.58
Mycth_2298102,242.75,136.74,133.94,139.46
Mycth_2307328,238.48,140.75,181.43,185.3
Mycth_2315189,232.31,110.63,75.14,87.7
Mycth_60632,228.53,85.41,171.28,179.75
Mycth_71748,228.26,124.15,108.85,136.83
Mycth_2295190,223.89,195.48,230.4,238.82
Mycth_97859,223.56,157.11,85.06,67.51
Mycth_2296038,222.32,168.88,155.31,200.54
Mycth_90354,221.11,334.36,284.22,453.12
Mycth_100089,212.77,22.56,23.82,17.77
Mycth_46583,199.47,581.35,883.13,554.86
Mycth_66783,198.18,651.5,872.97,1063.79
Mycth_2308313,186.9,53.4,240.65,98.36
Mycth_2305407,185.8,258.06,194.72,95.12
Mycth_83041,183.43,301.04,364.04,568.77
Mycth_55982,179.88,148.82,333.07,126.67
Mycth_104628,172.44,240.81,214.54,120.89
Mycth_2303045,171.52,60.43,249.71,154.2
Mycth_51545,170.13,42.1,248.55,278.51
Mycth_2295885,166.71,99.61,38.07,36.09
Mycth_61486,162.67,127.3,123,134.23
Mycth_2300901,160.15,115.37,123.28,106.01
Mycth_2295138,158.63,262.44,217.19,173.56
Mycth_2295433,156.15,103.59,126.38,93.88
Mycth_2308390,155.32,89.67,84.98,87.59
Mycth_111388,152.4,102.35,336.74,133.21
Mycth_79335,151.83,335.19,47.21,37.13
Mycth_2308497,146.55,6.14,2.56,3.25
Mycth_2295490,143.59,159.5,112.04,105.83
Mycth_2294705,141.58,144.39,117.05,104.1
Mycth_2079097,140.34,167.02,145.76,148.12
Mycth_140260,137.66,124.69,116.9,108.43
Mycth_2299757,135.24,46.79,22.4,30.4
Mycth_79885,130.81,118.47,114.47,107.21
Mycth_112714,130.78,140.03,509.38,1204.51
Mycth_2308826,125.81,92.31,89.52,92.37
Mycth_2311826,122.73,159.23,172.72,176.24
Mycth_78274,121.18,137.38,130.2,101.21
Mycth_2295383,118.94,71.68,61.61,59.7
Mycth_60685,118.41,125.62,191.65,214
Mycth_49210,117.3,68.1,81.56,49.6
Mycth_2308065,117.11,210.5,177.3,176.47
Mycth_2303813,115.9,101.23,93.93,100.87
Mycth_2078150,113.48,30.6,50.78,69.53
Mycth_2082262,113.23,101.42,70.32,73.76
Mycth_2315050,112.67,107.54,121.92,188.02
Mycth_2298860,112.22,165.93,248.01,182.16
Mycth_108493,111.06,393.34,384.67,305.26
Mycth_2308893,110.35,116.65,82.19,100.36
Mycth_2097778,109.88,98.15,79.72,75.3
Mycth_38200,108.94,82.34,49.08,43.79
Mycth_2299450,107.57,72.48,84.68,72.46
Mycth_2310678,107.29,108.31,84.01,76.18
Mycth_2303205,107.2,100.38,90.55,84.48
Mycth_112916,106.6,120.5,119.23,105.94
Mycth_116553,105.78,81.28,235.57,179.41
Mycth_54058,104.13,13.36,151.11,58.66
Mycth_2315754,103.99,47.04,56.9,55.45
Mycth_110061,103.43,28.53,41.07,37.59
Mycth_2093591,102.75,55.97,64.6,61.47
Mycth_2312046,102.4,56.83,72.62,80.17
Mycth_2296621,102.3,55.64,57.84,54.37
Mycth_2316301,101.78,64.01,49.8,45.5
Mycth_51411,101.04,83.7,101.18,109.04
Mycth_2129788,99.37,128.99,118,115.33
Mycth_2142157,96.74,77.39,67.89,69.91
Mycth_2307967,95.39,72.77,97.14,87.67
Mycth_2311126,95.12,22.8,41.07,36.63
Mycth_37570,94.88,44.57,53.71,35.32
Mycth_2316405,94.8,97.95,234.76,302.75
Mycth_2307289,93.22,50.43,64.34,46.1
Mycth_2088816,92,62.37,64,56.1
Mycth_2306027,91.9,18.16,25.38,18.61
Mycth_113450,91.03,57.25,106.37,87.15
Mycth_80312,89.61,193.25,885.22,482.55
Mycth_2295362,87.48,92.11,113.94,122.55
Mycth_2310394,87.34,76.04,81.55,98.99
Mycth_2299582,86.97,61.67,66.72,76.37
Mycth_2307110,86.43,43.46,50.01,59.19
Mycth_2303335,86.32,89.31,95.03,129.8
Mycth_2312218,85.56,65.96,22.08,33.67
Mycth_2307666,84.85,275.41,221.38,198.36
Mycth_111372,84.16,24.8,85.02,18.02
Mycth_85556,83.54,103.65,1661.5,960.24
Mycth_2301053,81.69,59.9,67,55
Mycth_2296164,81.64,155.57,104.81,116.29
Mycth_2295999,81.44,113,72.05,67.75
Mycth_2299218,81.09,70.23,84.95,90.92
Mycth_2313145,80.68,56.02,63.02,55.93
Mycth_2299402,80.36,90.88,89.24,80.31
Mycth_2303965,80.03,47.39,57.98,72.72
Mycth_2307354,80,79.79,118.77,134.02
Mycth_2297683,78.25,253.44,209.62,119.69
Mycth_2310437,77.44,68.11,83.44,69.87
Mycth_2298329,77.42,77.09,62.05,75.62
Mycth_2308944,77.11,66.52,46.98,46.68
Mycth_2312538,76.44,57.66,55.97,60.32
Mycth_2315009,76.18,49.05,66.25,64.46
Mycth_2298552,75.2,52.28,56.06,64.09
Mycth_104076,74.62,64.34,86.57,85.13
Mycth_2312626,74.21,43.17,28.17,19.99
Mycth_2313945,74.13,118.25,106.95,135.37
Mycth_2309458,74.11,22.64,278.03,383.44
Mycth_2302538,73.69,41.83,39.56,41.16
Mycth_2312968,71.01,38.68,45.78,31.28
Mycth_47699,70.62,86.89,79.76,68.08
Mycth_2085328,70.62,59.52,28.9,12.99
Mycth_108416,70.39,31.19,21.93,19.92
Mycth_2303271,70.31,64.15,52.25,53.12
Mycth_39279,69.81,13.94,524.98,368.29
Mycth_2303416,69.55,24.36,81.28,48.43
Mycth_2300999,69.45,63.92,169.6,187.04
Mycth_2302283,68.1,41.08,48.16,50.81
Mycth_2298342,67,62.42,64.42,58.23
Mycth_115935,66.57,93.63,97.49,86.92
Mycth_2301494,66.46,71.03,64.37,70.87
Mycth_2294755,66.3,213.94,570.3,557.44
Mycth_2296197,65.56,67.8,72.52,74.09
Mycth_2309077,65.48,39.8,51.59,46.16
Mycth_2305336,65.23,31.56,28.98,27.86
Mycth_53112,64.88,36.57,56.68,39.88
Mycth_2310881,64.78,56.52,67.11,59.66
Mycth_2302901,64.59,55.34,37.84,36.51
Mycth_2302852,63.86,30.78,34.43,24.32
Mycth_2299698,63.53,42.2,32.43,39.1
Mycth_2306203,63.42,122.51,4.87,2.77
Mycth_79026,63.29,64.92,41.57,27.23
Mycth_2312966,62.99,72.8,59.85,60.34
Mycth_2309843,62.86,53.02,36.34,26.57
Mycth_2309660,61.61,10.37,26.9,14.72
Mycth_2306862,61.18,21.29,49.25,48.82
Mycth_52463,60.62,59.37,226.02,74.36
Mycth_2306777,60.55,168.51,371.36,376.82
Mycth_43727,60.3,129.69,214.16,73.49
Mycth_2294281,60.25,58.47,52.13,53.24
Mycth_83025,59.77,16.88,17.3,12.96
Mycth_2294938,59.23,54.73,40.62,34.8
Mycth_2295424,58.37,55.05,61.19,57.29
Mycth_62175,58.08,43.4,25.77,23.83
Mycth_2313331,57.97,23.95,31.82,32.73
Mycth_39133,57.84,107.65,243.01,462.33
Mycth_2298723,57.69,47.22,45.47,42.98
Mycth_2309026,57.45,31.69,16.4,15.46
Mycth_2308895,57.43,82.65,37.17,32.97
Mycth_2307269,56.45,130.1,133.1,91.95
Mycth_59997,56.09,64.06,77.09,95.84
Mycth_2112181,56.05,43.24,41.18,39.11
Mycth_2303752,56.02,63.88,68.7,59.1
Mycth_84133,55.56,67.01,75.38,37.29
Mycth_2302511,55.4,64.08,63.79,62.63
Mycth_2309722,55.1,59.86,45.2,56.42
Mycth_2297685,54.92,60.82,84.38,80.63
Mycth_2312918,54.05,51.84,33.71,12.95
Mycth_2311611,53.75,53.82,61.6,65.26
Mycth_2309547,53.74,47.13,36.16,33.23
Mycth_2301334,53.63,84.84,99.4,85.23
Mycth_2309125,53.01,38.84,55.89,49.37
Mycth_41366,52.78,43.35,94.69,141.61
Mycth_2308030,52.06,48.4,29.14,24.66
Mycth_2304840,51.8,73.31,88.64,82.33
Mycth_2301054,51.77,44.86,50.3,68.33
Mycth_2300989,51.69,46.44,36.78,35.24
Mycth_79765,51.44,48.88,229.45,196.8
Mycth_2302074,50.84,47.78,17.72,15.11
Mycth_2306316,50.16,29.11,31.32,31.63
Mycth_50608,9.42,398.93,2020.07,1502.02
Mycth_97137,16.43,110.89,886.45,1323.09
Mycth_2304256,9.74,39.31,809,1187.02
Mycth_102522,16.97,521.53,1251.19,926.79
Mycth_100838,4.84,213.52,1522.43,854.55
Mycth_72393,39.35,701.57,1327.79,852.85
Mycth_114497,28.46,596.37,914.32,783.25
Mycth_2306588,5.43,613.57,1508.78,774.59
Mycth_38458,9.52,271.46,447.07,716.16
Mycth_2305952,29.83,12.32,315.17,597.42
Mycth_2126295,42.64,503.84,704,542
Mycth_2306786,20.31,284.21,544.08,532.78
Mycth_2298494,8.67,67.87,457.29,497.38
Mycth_100518,2.03,21,290.31,402.73
Mycth_2307339,15.49,150.01,339.63,379.09
Mycth_103537,30.93,87.47,327.55,369.56
Mycth_2313146,4.48,28.97,427.09,321.79
Mycth_100541,2.39,7.45,120.47,317.63
Mycth_90182,35.73,168.12,442.21,296.85
Mycth_98458,0.42,5.28,247.35,287.78
Mycth_2059579,7.62,155.92,333.96,279.23
Mycth_96141,39.19,140.56,380.31,263.11
Mycth_105128,32.59,311.07,370.75,262.53
Mycth_39233,6.63,5.2,90.46,235.4
Mycth_97899,4.79,4.11,70.45,229.57
Mycth_73480,31.32,36.01,134.65,224.63
Mycth_2298363,22.32,204.47,311.31,213.29
Mycth_102322,49.66,17.81,483.76,203.94
Mycth_2305458,40.25,142.28,404.65,196.46
Mycth_2308245,15.23,284.7,268.96,188.21
Mycth_2139585,26.96,234.02,269.58,180.72
Mycth_2302953,1.55,0.99,117.77,170.63
Mycth_75490,15.02,109.5,176.89,162.13
Mycth_2071628,0.16,3.41,76.31,157.71
Mycth_90517,4.53,3.65,88.73,153.5
Mycth_2305770,3.91,16.82,158.17,151.89
Mycth_2307580,43.07,81.07,150.16,149.04
Mycth_2301780,37.33,184.89,141.48,148.6
Mycth_2303298,32.83,134.59,250.37,148.11
Mycth_94336,7.56,40.89,172.3,141.96
Mycth_57502,18.67,79.07,144.07,138.46
Mycth_2294498,48.58,56.56,85.03,136.49
Mycth_2308381,4.37,11.66,113.14,132.59
Mycth_80304,7.87,40.78,124.71,128.88
Mycth_2300079,2.84,12.13,134.44,128.22
Mycth_111088,10.61,21.53,147.34,123.72
Mycth_2308362,44.94,67.14,207.54,122.71
Mycth_2298502,14.05,24.37,102.33,121.09
Mycth_2295307,23.56,75.95,237.17,121.03
Mycth_2299772,8.62,31.44,87.84,117.6
Mycth_52160,23.24,60.01,85.88,115.52
Mycth_2302225,32.62,66.05,103.2,115.38
Mycth_2298626,11.48,29.49,96.82,111.35
Mycth_80233,30.7,61.54,171.82,111.31
Mycth_111035,41.4,112.21,138.17,110.58
Mycth_2294074,23.6,47.54,83.83,105.38
Mycth_37844,0.51,1.91,125.23,104.99
Mycth_84377,12.98,33.62,59.33,103.85
Mycth_83019,46.33,105.02,89.73,101.98
Mycth_95293,8.81,15.11,82.24,101.88
Mycth_2297182,1.64,7.68,84.31,99.03
Mycth_2301869,35.46,59.56,119.65,97.8
Mycth_140261,1.52,15.44,95.15,96.12
Mycth_42071,23.47,62.17,103.59,94.89
Mycth_2313202,1.8,0.98,12.16,93.8
Mycth_92668,14.64,14.61,119.09,92.04
Mycth_2306784,22.46,54.66,85.86,91.52
Mycth_48909,0.94,2.09,76.41,90.54
Mycth_2297119,30.48,64.24,90.14,88.94
Mycth_2313137,34.48,81.35,82.61,88.46
Mycth_2114542,17.99,41.39,81.76,87.86
Mycth_80916,15.92,77.03,118.81,85.4
Mycth_2308477,1.46,17.99,57.36,85.29
Mycth_2300032,34.02,33.8,172.3,81.55
Mycth_2302321,13.21,75.7,72.3,81.18
Mycth_2116851,21.5,39.71,64.8,80.73
Mycth_111036,2.96,8.74,57.54,80.26
Mycth_98122,9.24,15.85,114.92,79.08
Mycth_2041611,0,0.81,53.01,77.49
Mycth_2312694,31.96,48.37,70.44,75.53
Mycth_2312844,43.89,75.01,61.99,73.51
Mycth_104570,0.72,49.67,170.13,73.12
Mycth_55581,16.9,13.38,98.63,72.6
Mycth_2111519,8.36,40.87,40.66,72.44
Mycth_66804,21.7,116.9,119.22,71.87
Mycth_53698,5.19,12.11,56.91,71.04
Mycth_68753,45.1,47.99,115.94,71.01
Mycth_2302517,29.01,31.04,55.93,70.91
Mycth_2303736,33.24,32.98,45.14,70.24
Mycth_2296256,22.4,58.01,75.51,70.2
Mycth_2312819,44.84,51.36,64.02,69.95
Mycth_103334,41.7,52.85,62.52,69.56
Mycth_92310,23.69,59.4,57.24,66.04
Mycth_116157,42.75,66.42,87.24,63.61
Mycth_71204,4.88,8.86,77.38,63.3
Mycth_2295228,11.31,16.65,52.33,62.93
Mycth_52469,39.68,35.41,89.41,60.68
Mycth_2296424,44.82,44.33,52.71,60.35
Mycth_43356,25.42,25.69,51.22,59.03
Mycth_50820,39.1,44.76,84.18,58.89
Mycth_58635,9.71,14.82,47.71,58.28
Mycth_101354,2.13,16.45,75.41,58.12
Mycth_2306087,7.28,46.25,80.64,57.49
Mycth_2302824,48.19,53.32,57.43,57.22
Mycth_2308311,1.84,2.96,13.53,56.66
Mycth_2301831,26.86,43.76,92.41,56.6
Mycth_2294851,41.86,31.63,43.01,55.72
Mycth_2302095,46.02,56.86,51.8,54.51
Mycth_2299856,17.3,39.55,112.22,54.38
Mycth_54601,5.89,26.21,57.94,53.41
Mycth_48804,39.5,59.85,116.3,52.22
Mycth_2060641,37.95,44.4,59.59,52.05
Mycth_100589,20.35,27.49,49.5,51.87
Mycth_2133773,4.62,36.81,39.28,51.49
Mycth_2302442,27.07,55.09,45.3,51.43
Mycth_2311902,19.86,32.55,38.11,51.33
Mycth_2294033,30.14,73.6,71.44,51.22
Mycth_2312604,43.36,31.45,26.21,50.93
Mycth_111073,10.88,18.26,31.84,50.09
Mycth_2306112,43.98,90.43,55.62,49.51
Mycth_2307864,18.96,46.21,71.11,48.96
Mycth_48379,0.36,0.04,38.53,48.79
Mycth_2308771,39.74,60.91,59.07,48.74
Mycth_2301180,47.55,53.74,50.55,48.46
Mycth_52713,9.07,11,32.74,48.36
Mycth_2309376,27.17,39.17,61.09,46.89
Mycth_2294783,31.93,29.11,72.17,45.89
Mycth_2308164,0.69,13.26,51.12,45.14
Mycth_103032,31.4,20.84,52.38,44.68
Mycth_2299749,25.32,23.25,26.35,44.66
Mycth_2297541,36.16,30.4,37.16,43.93
Mycth_2299780,38.43,25.92,38.66,43.82
Mycth_2305028,13.93,9.78,27.38,43.6
Mycth_2312374,30.77,55.36,50.24,43.56
Mycth_2300931,43.24,23.34,32.09,43.37
Mycth_2298352,33.78,42.26,42.07,43
Mycth_2311479,42.9,31.55,36.17,42.78
Mycth_2300398,39.58,34.22,38.84,42.69
Mycth_2294852,29.82,31.89,32.55,42.2
Mycth_116384,42.15,16.03,84.57,41.94
Mycth_2305992,2.23,21.15,27.78,41.79
Mycth_2300996,37.24,38.21,39.17,41.73
Mycth_102971,33.91,21.92,44.45,41.64
Mycth_2296960,29.24,32.78,52.52,40.97
Mycth_2297118,23.31,6.79,33.21,40.71
Mycth_2307423,41.69,34.85,42.46,40.18
Mycth_2298597,24.74,47,37,39.83
Mycth_2112126,5.18,3.87,23.26,38.55
Mycth_2303565,28.25,29.79,32.27,38.44
Mycth_2305709,8.79,6.62,52.95,38.42
Mycth_2295939,34.6,61.07,64.98,38.36
Mycth_58125,0.34,0.82,21.04,38.33
Mycth_2295445,13.58,38.91,38.08,38.08
Mycth_2301720,32.31,21.98,57.89,37.9
Mycth_83595,4.68,8.54,54.54,37.8
Mycth_2302289,37.07,34.17,41.02,37.59
Mycth_40885,21.42,20.5,53.67,37.55
Mycth_40111,8.12,11.19,52.49,37.33
Mycth_54618,38.79,39.89,39.19,35.92
Mycth_2106723,19.09,17.49,37.06,35.64
Mycth_104551,40.91,88.34,51.44,35.42
Mycth_40869,45.12,42.16,30.77,35.27
Mycth_2307619,6.03,17.8,28.52,35.14
Mycth_2296679,36.2,33.49,35.9,34.8
Mycth_2296160,30.29,28.06,36.29,34.72
Mycth_43163,48.94,22.56,46.39,34.51
Mycth_99077,30.46,33.6,54.22,34.1
Mycth_2135772,41.78,12.74,16.82,33.9
Mycth_2300011,36.58,32.66,36.36,33.83
Mycth_2315913,42.67,85.37,37.63,33.82
Mycth_2298622,40.6,35.88,35.34,33.71
Mycth_2297284,30.72,31.54,30.4,33.7
Mycth_37110,33.44,18.39,23.3,33.52
Mycth_112399,40.13,19.4,62,33.52
Mycth_104674,2.21,17.86,41.66,33.45
Mycth_2302583,31.35,27.31,30.91,33.29
Mycth_49700,2.43,13.98,59.6,33.1
Mycth_2298096,17.96,9.13,25.23,33.05
Mycth_2294006,31.24,42.25,43.65,33.05
Mycth_2106248,32.3,26.87,31.61,31.91
Mycth_2305382,19.92,24.65,25.87,31.83
Mycth_95226,15.46,23.12,38.46,31.44
Mycth_2308168,41.44,47.87,38.5,31.28
Mycth_81466,20.26,17.15,27.3,31.19
Mycth_2298031,25.22,26.96,26.56,31.03
Mycth_96032,8.59,20,32.82,30.87
Mycth_2307827,10.47,29.44,54.35,30.85
Mycth_2310321,21.27,49.39,28.84,30.33
Mycth_2297411,21.24,18.7,23.11,30.05
Mycth_2307822,4.18,4.84,21.44,29.6
Mycth_2306484,23.07,35.11,29.8,29.47
Mycth_2303065,3.05,6.16,16.84,29.44
Mycth_2294825,10.07,16.59,22.65,29.32
Mycth_2295857,42.72,38.73,30.15,28.93
Mycth_2311677,18.94,19.62,24.36,28.16
Mycth_96478,18.87,1.16,28.46,27.96
Mycth_2312753,31.95,28.25,26.32,27.91
Mycth_2303375,3.38,5.03,34.08,27.7
Mycth_2107968,26.03,18.31,26.98,27.63
Mycth_2294793,17.1,13.84,18.17,27.38
Mycth_2300359,25.97,21.97,28.95,27.21
Mycth_2308415,1.68,5.92,19.51,27.05
Mycth_2300721,35.72,34.17,26.2,26.93
Mycth_2310830,22.75,17.3,25.56,26.8
Mycth_2304539,28.69,24.49,23.87,26.72
Mycth_2304976,15.64,21,36.88,26.29
Mycth_2306748,16.66,16.45,20.42,26.15
Mycth_2296588,34.2,34.85,22.84,26.02
Mycth_2304858,19.67,18.45,26.63,25.96
Mycth_2304301,38.22,35.45,29.26,25.69
Mycth_80274,8.26,11.98,24.05,25.6
Mycth_54466,6.16,11.52,22.95,25.53
Mycth_2301633,24.43,21.42,26.02,25.41
Mycth_2296142,18.3,13.74,17.76,25.29
Mycth_2297176,39.05,20.12,22.97,25.06
Mycth_2305757,23.35,20.38,22.39,24.71
Mycth_2057978,27.29,26.81,22.2,24.53
Mycth_2310703,23.35,32.3,25.62,24.5
Mycth_2312204,29.17,16.28,23.51,24.24
Mycth_2299180,16.66,13.87,20.94,24.19
Mycth_2067210,30.89,25.33,22.32,24.04
Mycth_2308079,21.87,117.17,49.13,23.9
Mycth_2312882,30.1,29.82,22.37,23.85
Mycth_2072383,3.75,3.87,23.71,23.62
Mycth_104827,7.2,10.9,24.61,23.54
Mycth_99040,25.01,19.82,26.25,23.54
Mycth_2301308,19.33,22.24,22.22,23.29
Mycth_93131,15.79,29.58,21.11,23.22
Mycth_108615,17.78,38.16,19.72,23.16
Mycth_2301517,2.75,8.26,23.21,23.1
Mycth_114667,3.8,21.28,15.87,23.1
Mycth_55232,21.28,23.17,24.1,23.03
Mycth_2301875,22.88,25.8,24.3,23.01
Mycth_51766,40.63,38.96,43.59,22.98
Mycth_45081,3.77,26.73,36.57,22.72
Mycth_2297128,6.22,2.04,19.9,22.65
Mycth_2294482,24.63,32.5,24.65,22.64
Mycth_2306973,18.85,13.47,25.21,22.62
Mycth_2312112,18.03,10.58,24.74,22.37
Mycth_2301771,24.81,20.51,17.83,22.31
Mycth_2297253,0.65,4.71,19.11,22.3
Mycth_99853,1.64,12.93,61.54,22.17
Mycth_2307682,12.6,14.76,17.51,22.13
Mycth_2312307,32.57,34.73,25.69,22.08
Mycth_2294863,34.86,22.45,26.78,21.98
Mycth_2299084,28.68,19.8,18.7,21.94
Mycth_2312849,22.43,18.87,20.3,21.93
Mycth_2299473,4.37,5.25,7.65,21.52
Mycth_80109,14.93,18.39,31.11,21.46
Mycth_2305504,10.94,14.61,18.83,21.34
Mycth_91276,9.09,14.89,17.24,21.32
Mycth_2308690,34.19,29.41,24.54,21.14
Mycth_2299089,29.17,16.5,22.15,21.13
Mycth_55717,0.47,1.03,24.69,21.04
Mycth_2138347,46.57,33.23,25.42,21.03
Mycth_2303093,12.81,32.93,26.39,20.97
Mycth_2122766,41.62,29.41,21.04,20.94
Mycth_2019397,2.06,10.82,18.04,20.88
Mycth_2305436,11.26,14.66,19.9,20.81
Mycth_2129170,22.89,21.29,25.05,20.68
Mycth_2311469,12.09,13.64,15.54,20.66
Mycth_2307527,18.23,16.88,14.45,20.51
Mycth_2300049,22.89,20.97,20.91,20.48
Mycth_97932,3.95,6.85,18.96,20.38
Mycth_2308692,10,19.53,30.39,20.28
Mycth_2305689,6.16,8.34,18.99,20.27
Mycth_2310419,19.81,17.27,17.11,20.19
Mycth_2308190,20.92,21.87,23.07,20.03
Mycth_2307054,17.84,15.05,21.69,19.82
Mycth_2301294,29.76,30.38,23.76,19.8
Mycth_2067632,18.48,7.97,81.23,19.78
Mycth_2299604,11.73,18.02,18.42,19.72
Mycth_2302552,14.35,27.91,22.69,19.61
Mycth_2307515,21.46,18.07,17.46,19.4
Mycth_2296296,26.72,19.11,18.13,19.28
Mycth_2309516,9.85,14.58,23.08,19.18
Mycth_2127683,8.91,15.52,22.29,19.17
Mycth_2294618,30.41,29,17.83,19.04
Mycth_2294347,7.63,11.2,14.63,19.04
Mycth_2295186,3.07,4.27,19.17,18.95
Mycth_2306666,3.57,7.08,20.81,18.9
Mycth_2297761,22.75,20.73,22.22,18.5
Mycth_2313149,15.03,12.78,14.39,18.1
Mycth_77082,10.6,15.13,17.3,18.05
Mycth_52064,4.83,10.22,14.56,17.55
Mycth_83040,20.58,19.91,21.18,17.46
Mycth_2295836,14.77,18.8,16.32,17.44
Mycth_81817,25.38,30.82,25.48,17.4
Mycth_2055951,5.05,6.85,18.24,17.22
Mycth_2298257,3.83,2.64,4.77,17.15
Mycth_2130287,3.68,3.98,8.96,17.15
Mycth_2303108,16.4,9.13,13.16,17.09
Mycth_2113755,2.4,7.51,10.18,16.91
Mycth_69975,9.77,14.77,15.9,16.9
Mycth_2072543,22.71,12.42,14.3,16.63
Mycth_2310322,39.34,71.89,25.83,16.55
Mycth_2110987,9.32,12.65,9.27,16.41
Mycth_44863,1.34,3.4,8.81,16.38
Mycth_2299142,14.65,13.35,12.41,16.35
Mycth_2309414,13.36,15.57,17.08,16.24
Mycth_2295601,20.04,23.76,20.26,16.18
Mycth_2301035,11.28,13.73,15.15,16.17
Mycth_2300677,16.38,19.93,16.05,16.14
Mycth_2114617,0.35,5.53,19.02,16.11
Mycth_2299021,9.92,16.18,13.05,16.06
Mycth_2294795,31.46,26.06,20.6,16.05
Mycth_52904,9.48,5.51,21.03,16.02
Mycth_2307571,29.55,16.82,17.45,16
Mycth_2294485,13.79,17.82,16.95,15.91
Mycth_2312897,13.95,8.99,13.8,15.9
Mycth_2087807,4.79,16.25,17.28,15.76
Mycth_110806,18.1,17.06,24.01,15.66
Mycth_84297,8.97,10.43,20.66,15.62
Mycth_2311687,12.3,3.46,12.88,15.6
Mycth_90655,33.39,30.21,18.95,15.51
Mycth_78093,15.17,106.35,22.53,15.36
Mycth_2313009,26.16,35.22,10.36,15.21
Mycth_2310599,11.67,13.33,14.92,14.92
Mycth_2309575,0,0.67,5.12,14.83
Mycth_2303407,15.89,17.8,13.07,14.7
Mycth_2307767,2.99,4.42,13.9,14.31
Mycth_74462,11.15,18.15,16.61,14.14
Mycth_2306681,10.61,10.12,12.5,14.14
Mycth_2301632,13.5,15.19,12.02,14.01
Mycth_2299483,28.64,6.11,10.85,13.62
Mycth_73270,27.73,39.84,13.66,13.48
Mycth_2311623,22.05,18.64,17.28,13.41
Mycth_2307231,4.36,2.8,11.9,13.34
Mycth_2121768,8.02,19.3,11.95,13.31
Mycth_2299145,17.06,14.19,13.81,13.27
Mycth_2300345,7.27,12.46,16.34,13.14
Mycth_2306764,9.05,11.13,10.88,13.08
Mycth_2310660,16.81,11.65,13.23,13.07
Mycth_107796,4.18,24.68,43.39,13.01
Mycth_2306025,8.2,2.58,3.99,12.96
Mycth_64095,4.48,5.03,11.45,12.87
Mycth_2313159,6.14,8,9.15,12.79
Mycth_2309764,38.12,19.84,23.04,12.79
Mycth_2302123,15.73,10.39,13.35,12.75
Mycth_2310035,17.59,18.58,20.05,12.7
Mycth_2303939,19.24,21,10.89,12.62
Mycth_2309690,1.88,1.09,10.81,12.54
Mycth_52514,1.07,4.85,6.92,12.51
Mycth_96111,11.43,17.84,12.35,12.28
Mycth_2296861,11.81,8.54,11.28,12.12
Mycth_2295704,20.85,8.12,13.24,11.97
Mycth_2301721,1.77,3.7,11.45,11.8
Mycth_2307810,1.51,0.9,7.1,11.77
Mycth_2119730,10.23,21.54,12.63,11.75
Mycth_103330,10.08,8.78,9.48,11.74
Mycth_2307222,3.35,4.82,6.98,11.61
Mycth_2310628,12.69,14.5,11.08,11.61
Mycth_2296368,16.87,12.93,13.74,11.59
Mycth_82558,17.81,11.84,11.79,11.36
Mycth_2301722,10.3,12.33,8.42,11.31
Mycth_2081895,23.3,64.42,27.99,11.24
Mycth_101506,5.29,5.99,8.95,10.78
Mycth_2303015,0.15,0.05,4.84,10.57
Mycth_2094324,8.12,9.05,10.43,10.3
Mycth_2307275,4.86,4.89,8.86,10.27
Mycth_2296873,16.13,11.37,14.22,10.25
Mycth_2308758,13.45,10.73,8.61,10.24
Mycth_59585,8.11,10.85,9.66,10.07
Mycth_2293963,8.87,12.15,12.04,10.06
Mycth_2297782,7.31,7.79,7.94,10
Mycth_2312293,5.41,7.47,11.59,10
Mycth_2306267,9.67,10.34,42.1,9.97
Mycth_2069347,6.66,8.6,8.19,9.79
Mycth_2308968,22.84,12.28,11.56,9.77
Mycth_2295876,24.45,15.19,14.04,9.67
Mycth_2309021,12.03,10.9,10.42,9.64
Mycth_2305375,11.59,10.61,6.81,9.63
Mycth_2297954,2.09,8.87,10.53,9.36
Mycth_38558,1.84,1.16,10.8,9.22
Mycth_2308868,17.84,12.75,6.69,9.22
Mycth_2306215,2.89,2.58,5.82,9.15
Mycth_104106,3.59,3.03,5.7,8.73
Mycth_2299964,11.45,6.87,8.58,8.63
Mycth_41142,7.02,10.2,21.13,8.6
Mycth_2306064,16.59,17.16,8.07,8.53
Mycth_2296388,7.69,8.96,9.44,8.5
Mycth_2305759,4.23,4.5,8.08,8.1
Mycth_2122625,5.64,3.47,6.47,7.96
Mycth_2109689,0.68,1.37,3.85,7.94
Mycth_2113426,3.42,4.55,6.54,7.79
Mycth_2307568,1.55,3.44,9.36,7.78
Mycth_101972,0.59,0.86,10.11,7.62
Mycth_2294417,4.2,4.49,5.97,7.47
Mycth_2300313,16.23,10.98,7.62,7.3
Mycth_72932,12.36,22.6,5.61,7.19
Mycth_2053130,11.13,8.42,9.18,7.12
Mycth_78540,8.36,7.34,6.53,7.1
Mycth_2306216,1.86,5.08,6.5,7.09
Mycth_2307798,9.15,6.69,6.4,7.09
Mycth_2305738,2.2,1.04,12.41,7.06
Mycth_2305977,2.79,3.8,5.4,7.02
Mycth_2121801,0,0.17,1.07,7
Mycth_2313229,1.11,3.04,7.68,6.96
Mycth_2308984,2.31,3.28,4.94,6.95
Mycth_2062055,1.15,1.17,2.34,6.83
Mycth_2305742,7.72,6.32,7.62,6.76
Mycth_116363,31.65,114.35,6.42,6.61
Mycth_2124750,0.03,0,1.1,6.48
Mycth_2064169,8.89,8.07,11.98,6.43
Mycth_2309354,14.37,6.86,8.3,6.39
Mycth_2131308,7.51,10.4,5.76,6.39
Mycth_2295268,7.04,8.43,7.29,6.18
Mycth_2130973,4.65,7.6,8.55,6.16
Mycth_42937,13.2,4.33,12.2,6.15
Mycth_58882,0.64,4.47,16.42,6.14
Mycth_2295154,8.31,6.47,4.21,6.05
Mycth_2117807,0.82,0.27,3.82,6.04
Mycth_78568,38.08,17.22,8.75,5.98
Mycth_2298447,6.43,5.46,4.18,5.84
Mycth_2307267,1.26,1.35,3.97,5.76
Mycth_2063591,9.59,10.55,4.41,5.76
Mycth_2117759,6.95,5.03,5.58,5.63
Mycth_2308246,9.19,7.68,5.93,5.57
Mycth_2296962,8.44,5.41,6.92,5.49
Mycth_2294116,7.25,5.64,7.14,5.45
Mycth_2303155,0,0,3.24,5.43
Mycth_2071996,4.61,4.4,5.04,5.29
Mycth_2309656,0.68,2.83,3.34,5.28
Mycth_2108494,2.74,3.88,3.41,5.25
Mycth_2307897,7.26,6.69,5.46,5.18
Mycth_2119719,2.9,2.17,2.48,5.11
Mycth_2306121,3.61,3.64,3.66,5.05
Mycth_2296171,5.45,11.54,6.8,5.04
Mycth_90594,1.37,2.3,4.41,5
Mycth_2125728,2.98,3.92,3.22,4.96
Mycth_2057906,3.71,4.41,3.39,4.89
Mycth_54533,0.95,0.86,0.74,4.88
Mycth_2308283,8.7,13.65,12.88,4.87
Mycth_2303385,4,3.01,4.06,4.86
Mycth_2305316,1.22,2.89,3.25,4.83
Mycth_2144007,0.39,1.31,4.81,4.78
Mycth_2106506,1.56,1.9,3.3,4.75
Mycth_2296279,7.35,26.76,5.08,4.72
Mycth_2311323,0.03,0.05,2.74,4.7
Mycth_2304239,1.09,0.94,5.2,4.63
Mycth_33003,3.09,2.61,3.94,4.57
Mycth_2307514,2.55,2.2,3.95,4.54
Mycth_39035,3.92,1.08,4.73,4.51
Mycth_2309574,0,1.26,1.6,4.41
Mycth_2298086,0.4,1.31,3.45,4.38
Mycth_2303089,1.95,3.91,5.47,4.37
Mycth_2299721,4.14,5.67,3.94,4.34
Mycth_2307286,2.44,3.9,3.56,4.24
Mycth_2299923,3.64,6.8,3.59,4.03
Mycth_98773,3.01,4.65,2.7,3.92
Mycth_50705,0.31,1.37,6.4,3.91
Mycth_2121130,3.06,1.8,5.34,3.79
Mycth_2299267,3.35,2.12,3.26,3.77
Mycth_2296486,12.75,5.9,2.85,3.76
Mycth_2300733,1.92,1.97,2.04,3.67
Mycth_52332,6.34,2.28,8.83,3.64
Mycth_2311234,1.26,1.62,4.03,3.52
Mycth_2308420,0.15,0.67,3.03,3.47
Mycth_2308437,0.94,0.64,2.18,3.45
Mycth_26583,0.15,0.42,4.66,3.44
Mycth_2297244,3.67,5.8,4.46,3.41
Mycth_64299,4.61,2.3,5.55,3.37
Mycth_98521,4.34,2.91,3.29,3.33
Mycth_2064865,0.6,0.25,0.38,3.28
Mycth_2299495,10.5,2,2.36,3.27
Mycth_2303669,2.74,1.77,4.33,3.23
Mycth_2068755,3.13,3.25,2.94,3.16
Mycth_2107611,1.31,1.83,2.31,3.15
Mycth_96182,3.08,5.18,6.21,3.15
Mycth_2297292,0.43,1.15,1.18,3.13
Mycth_51856,1.94,2.63,2.57,3.11
Mycth_2070700,1.97,2.78,2.92,3.03
Mycth_100608,0.15,0.67,1.71,2.99
Mycth_2110653,0.26,0.56,1.63,2.94
Mycth_2300219,3.84,3.28,1,2.93
Mycth_2305857,27.28,12.93,5.05,2.83
Mycth_2307018,0.67,0.69,0.71,2.8
Mycth_2307519,1.08,2.52,2.16,2.67
Mycth_2128552,0.53,1.16,2.24,2.64
Mycth_2303110,3.03,3.64,3.95,2.59
Mycth_108391,2.64,2.88,2.01,2.52
Mycth_94536,0.27,0.08,2.67,2.45
Mycth_2063480,10.94,6.64,1.54,2.44
Mycth_2295431,0.72,0.99,1.97,2.43
Mycth_2305771,0.8,0.77,2.51,2.42
Mycth_2124399,0.91,1.05,1.38,2.4
Mycth_2070906,3.14,2.73,2.21,2.4
Mycth_2299900,1.35,1.52,1.84,2.32
Mycth_2311391,2.15,2.32,2.75,2.28
Mycth_2057540,4.75,3.86,2.55,2.27
Mycth_101800,1.25,1.15,0.93,2.25
Mycth_2309623,1.56,1.77,0.99,2.14
Mycth_10713,9.1,2.13,3.33,2.1
Mycth_2305147,0.93,1.15,1.46,2.09
Mycth_55803,0.47,0.16,1.3,2.06
Mycth_2299852,5.69,6.7,1.83,2.03
Mycth_2129052,0.16,0.75,1.22,1.98
Mycth_52068,0.37,0.6,1.56,1.97
Mycth_2297764,1.65,2.49,1.41,1.97
Mycth_2297192,3.25,1.72,1.99,1.91
Mycth_2301688,1.38,2.65,1.77,1.88
Mycth_2310276,0.98,0.75,2.35,1.82
Mycth_2313032,0.25,0.72,1.46,1.82
Mycth_76199,1.37,1.08,1.48,1.82
Mycth_2107194,0.08,0.64,0.08,1.74
Mycth_2301079,1.51,1.66,1.22,1.74
Mycth_101321,0.6,1.01,0.79,1.73
Mycth_2064957,4.15,3.73,2.11,1.7
Mycth_2296120,2.36,1.85,1.75,1.65
Mycth_2303256,4.82,3.96,2.3,1.52
Mycth_2122542,0.11,0.68,2.24,1.47
Mycth_2301832,1.33,1.7,3.23,1.46
Mycth_95272,1.06,2.66,1.56,1.45
Mycth_2309651,9.88,2.53,2.84,1.44
Mycth_2308392,1.27,1.57,2.55,1.43
Mycth_47093,1.27,2.32,1.64,1.43
Mycth_94982,1.94,1.71,1.31,1.42
Mycth_2120482,0.16,1.09,1.31,1.4
Mycth_2042719,0.23,0.14,0.25,1.38
Mycth_2067839,0.25,0.42,1.66,1.36
Mycth_2304973,1.77,3.08,1.14,1.32
Mycth_2059186,2.5,1.73,1.69,1.3
Mycth_2301526,3.73,3.45,1.87,1.29
Mycth_2118124,2,0.88,1.28,1.28
Mycth_2307873,1.25,1.61,1.49,1.21
Mycth_2308667,0.98,1.07,1.87,1.18
Mycth_2123382,1.11,0.43,1.58,1.17
Mycth_2307564,1.44,1.19,0.73,1.14
Mycth_2307299,0.55,0.32,0.75,1.13
Mycth_97448,1.15,1.7,1.87,1.12
Mycth_2122535,0.53,0.4,0.75,1.06
Mycth_2071955,0.31,0.23,0.42,1.02
Mycth_2067358,0.72,1.05,0.56,1.01
Mycth_2311254,0.19,3.02,2.44,0.97
Mycth_2310262,0.85,1.76,0.81,0.95
Mycth_2069662,3.33,1.06,2.31,0.94
Mycth_2311076,1.35,0.93,0.72,0.91
Mycth_2128682,0.84,1.15,0.45,0.89
Mycth_2299731,6.54,3.67,1.99,0.87
Mycth_2306673,7.82,1.19,0.9,0.85
Mycth_2124737,0.34,0.62,1.2,0.84
Mycth_98480,0.73,0.57,0.83,0.82
Mycth_2307608,4.13,2.91,0.94,0.82
Mycth_2311258,0.24,0.03,0.63,0.8
Mycth_2108717,0.64,0.39,1.58,0.79
Mycth_99786,6.07,3.16,4.38,0.79
Mycth_2059965,0.43,0.59,0.54,0.77
Mycth_2051955,0,0.42,0.48,0.74
Mycth_2295337,0.36,0.49,0.83,0.72
Mycth_2300167,0.29,0.59,0.54,0.71
Mycth_2301655,0.98,0.6,1.16,0.71
Mycth_2063133,0.74,0.37,1.06,0.71
Mycth_2122687,0.11,0.23,0.27,0.64
Mycth_2067982,1.47,0.38,0.73,0.63
Mycth_2069031,0.14,0.12,0,0.63
Mycth_2302055,0.5,0.15,1.25,0.62
Mycth_2299844,0.07,0.24,0.28,0.62
Mycth_2303166,1.51,0.45,0.75,0.6
Mycth_2305882,0.17,1.7,0.71,0.59
Mycth_2305805,0.45,0.44,0.61,0.59
Mycth_2127191,0.13,0.31,1.02,0.58
Mycth_40891,0.46,0.23,0.71,0.58
Mycth_101222,0.04,0.14,0.33,0.57
Mycth_2044732,0.25,0.23,0.38,0.57
Mycth_2126285,0.26,0.16,0.09,0.56
Mycth_89958,0.16,0,0.43,0.53
Mycth_43571,3.71,1.68,1.43,0.52
Mycth_2027194,0.84,1.54,0.6,0.5
Mycth_89251,0.51,1.32,0.76,0.48
Mycth_2110369,0.14,0,0,0.46
Mycth_2294824,0.49,0.08,0.61,0.46
Mycth_2049011,0.05,0.17,0.61,0.46
Mycth_2305637,0.83,0.19,0.4,0.46
Mycth_2308461,0.71,0.41,0.85,0.41
Mycth_2301856,0.97,0.79,1,0.36
Mycth_2061987,0.29,0.45,0.65,0.36
Mycth_2112475,0.09,0.2,0.41,0.36
Mycth_2129362,0.03,0.03,0.03,0.31
Mycth_103070,7.35,2.68,0.1,0.3
Mycth_2066939,0,0.07,0.16,0.29
Mycth_2129615,0.15,0.56,0.25,0.29
Mycth_2119721,0.24,0.78,0.65,0.28
Mycth_2111272,1.14,0.21,0.64,0.28
Mycth_2309782,0.6,0.14,0.24,0.28
Mycth_2303278,0.17,0,0.18,0.27
Mycth_2109142,0.47,0.36,0.33,0.25
Mycth_2110715,0,0,0.21,0.24
Mycth_2107631,0.33,0.37,0.54,0.24
Mycth_2065797,0.33,0.09,0.17,0.21
Mycth_2067458,0.26,0.31,0.24,0.21
Mycth_102849,0,0,0.41,0.21
Mycth_2119446,0.29,0.41,0.44,0.21
Mycth_2060315,0.15,0.13,0.21,0.2
Mycth_2061855,1.21,0.54,0.39,0.19
Mycth_2310985,0,0.13,0.07,0.13
Mycth_2057697,0.14,0.21,0.15,0.13
Mycth_2129532,0.12,0,0,0.11
Mycth_92683,0,0.22,0.25,0.11
Mycth_51627,0.04,0.02,0.02,0.1
Mycth_2120158,0.36,0.75,0.38,0.08
Mycth_2126499,0.18,0,0,0.08
Mycth_2126322,0.08,0.08,0,0.08
Mycth_2128656,0,0,0.17,0.08
Mycth_2120504,0,0,0,0.02
Mycth_2095444,0.02,0,0.02,0.02
Mycth_2311264,0.15,0.19,0.03,0
Mycth_2065851,0.1,0.05,0,0
Mycth_2310691,0.08,0.3,0.18,0
Mycth_2113983,0,0,0,0
Mycth_2119829,0,0,0,0
Mycth_2125573,0,0,0,0
Mycth_2128625,0,0,0,0
Mycth_38236,0,0,0.3,0
Mycth_55985,0,0,0,0
Mycth_56270,0,0,0.21,0
Mycth_95095,0,0,0.11,0
Mycth_97962,0,0.07,0.41,0
Mycth_2125938,0,0.11,0,0